{"flag":1,"ticket":"#168299818510866235","nbsso":35,"refdate":2459180,"planets":[[1,-0.39162265977439997,-0.13475528850499999,-0.031392349006199999,0.0034097550268000001,-0.022318817769999999,-0.012276025320399999,-0.41999999999999998,"Mercury",4875.1999999999998,"Planet"],[2,-0.71551919396639996,0.043056395245699999,0.064646044410000006,-0.0019482989743999999,-0.018497686458100002,-0.0081998221365999994,-4.4000000000000004,"Venus",12103.6,"Planet"],[3,0.42624806122469999,0.81657257625110002,0.35398352559629997,-0.0157943570495,0.0067534579823999999,0.0029272952495999999,-3.8599999999999999,"Earth",12756.27,"Planet"],[301,0.42875599945019999,0.81758436974420001,0.35419246252789999,-0.015998329379999999,0.0072198683302000001,0.0031589520648999999,0.20999999999999999,"Moon",3474.21,"Satellite"],[4,1.0122709649696,0.9713096081,0.41820299630820001,-0.0095767088548999995,0.0097880054155999995,0.0047479373403999997,-1.52,"Mars",6780,"Planet"],[401,1.0122349655692,0.97125872321090001,0.41819860181750002,-0.0087506819462999999,0.0092455667516999993,0.0040017131892999998,11.800000000000001,"Phobos",22.219999999999999,"Satellite"],[402,1.0121804557311,0.97118336547490003,0.4181814244466,-0.0090268860464999996,0.0094713381518000007,0.0042937650890999997,12.890000000000001,"Deimos",12.4,"Satellite"],[5,2.8253790209548,-3.8858140568502999,-1.7343428031818999,0.0062020521312000001,0.0042234229179,0.0016593072615000001,-9.4000000000000004,"Jupiter",139822,"Planet"],[501,2.8247456923029,-3.8882888490021998,-1.7355350122104001,0.0159433973364,0.0020957192234000001,0.00080559588850000001,-1.6799999999999999,"Io",3642.5999999999999,"Satellite"],[502,2.8213971319993001,-3.8876927353780002,-1.7353426539590999,0.0099636345968000008,-0.0020547134719000001,-0.0012697192594000001,-1.4099999999999999,"Europe",3130,"Satellite"],[503,2.8259908019926998,-3.8922382966222,-1.7374131606040999,0.0124680150787,0.0046768739228000003,0.0019705502722000001,-2.0899999999999999,"Ganymede",5268,"Satellite"],[504,2.8218232774469998,-3.8967457258591001,-1.7395507303015001,0.0107436930282,0.0030212690893000002,0.0011598754362999999,-1.05,"Callisto",4806,"Satellite"],[6,5.3346787868594996,-7.7258727572656998,-3.4208831741393002,0.0044140118447999997,0.0028142316224,0.00097244424729999997,-8.8800000000000008,"Saturn",116464,"Planet"],[601,5.3352626618684003,-7.7248012808138,-3.4210177705924001,-0.0028473397972,0.0069421956351000003,0.0010554048348,3.2999999999999998,"Mimas",397.19999999999999,"Satellite"],[602,5.3362396736497004,-7.7261138260443998,-3.4209995745936999,0.0054762756681999997,0.0100407245653,0.00034812911609999998,2.1000000000000001,"Encelade",498.80000000000001,"Satellite"],[603,5.3343474300905998,-7.7239334259571004,-3.4209730879776998,-0.0020314277109999999,0.0017377005531000001,0.0015111019504,0.59999999999999998,"Tethys",1059.5999999999999,"Satellite"],[604,5.3321686939813002,-7.7257131221519,-3.4206774446827,0.0040978529426999996,-0.0029496934390000002,0.0014228907146999999,0.88,"Dione",1120,"Satellite"],[605,5.3318518554022001,-7.7279436048957004,-3.4205050104054,0.0073166450385000002,-0.0011310882611999999,0.0010277973130999999,0.16,"Rhea",1528,"Satellite"],[606,5.3365306084200999,-7.7179494441419996,-3.4215784694822,0.0013141572838,0.0036532761943000001,0.0011911308770000001,-1.28,"Titan",5150,"Satellite"],[607,5.3429344668962004,-7.7224232228581,-3.4217614096879001,0.0034322455058,0.0058660651988999999,0.00088551465499999999,4.6299999999999999,"Hyperion",283,"Satellite"],[608,5.3472351747045002,-7.7448529019726999,-3.4268864130446999,0.0059562064710999996,0.0039292911905999999,0.00086825722710000004,1.5,"Iapetus",1436,"Satellite"],[7,15.438499956796401,11.40068298493,4.7748442326280003,-0.0024812446523000001,0.0026358919271000001,0.0011893792950000001,-7.1900000000000004,"Uranus",50724,"Planet"],[701,15.4376942835903,11.4011113137327,4.7739511925375,-0.0024812446523000001,0.0026358919271000001,0.0011893792950000001,1.45,"Ariel",1157.8,"Satellite"],[702,15.436802294966199,11.4009378056904,4.7752879885711996,-0.0024812446523000001,0.0026358919271000001,0.0011893792950000001,2.1000000000000001,"Umbriel",1169.4000000000001,"Satellite"],[703,15.438175709054301,11.4015231121559,4.7720778900166998,-0.0024812446523000001,0.0026358919271000001,0.0011893792950000001,1.02,"Titania",1577.8,"Satellite"],[704,15.435045241614301,11.4009624823469,4.7766398975716999,-0.0024812446523000001,0.0026358919271000001,0.0011893792950000001,1.23,"Oberon",1522.8,"Satellite"],[8,29.441346619813402,-4.6753632911766996,-2.6467182146452002,0.00054618245300000002,0.0028864763949000001,0.0011679142721,-6.8700000000000001,"Neptune",49244,"Planet"],[801,29.442016726422999,-4.6740873075157001,-2.6448349945343002,0.0026050170978000001,0.0036636184001,-9.1189260399999995e-5,-1.24,"Triton",2705.1999999999998,"Satellite"],[802,29.4286874155835,-4.635091125313,-2.6267650179097002,0.0003170296504,0.0025088624543000001,0.00095802078960000004,4,"Nereid",340,"Satellite"],[803,29.441653853344,-4.6753247710229999,-2.6468079045716002,0.0012778475957000001,0.0078918584679999997,0.0058321662481000004,10,"Naiade",58,"Satellite"],[804,29.441039805306499,-4.6753954841788996,-2.6465882265383001,-0.0006782988819,-0.0022813353677999999,-0.0030002879147000001,9,"Thalassa",80,"Satellite"],[805,29.441666215363799,-4.6753373034027002,-2.6468611571594001,0.0019296553927999999,0.0079336236925000008,0.0051779896728999996,8,"Despina",148,"Satellite"],[806,29.441660639160698,-4.6751049618448004,-2.6466396932444001,-0.0027717862642,0.0056155770147999998,0.0054544358774000004,8,"Galatea",158,"Satellite"],[807,29.440889327059601,-4.6755226940370003,-2.6466301737236999,0.0011436653495,-0.0009925479493999999,-0.0027743075787999998,6,"Larissa",192,"Satellite"],[808,29.441139866014101,-4.6759644058190002,-2.6471806855137001,0.0044832426548999998,0.0030474309227,-0.00080013603770000003,5,"Proteus",416,"Satellite"]]}